INSERT OR IGNORE INTO Area (a_id, a_name) VALUES
(301, '指南路二段大門左半邊附近'),
(302, '新光路一段附近');

INSERT OR IGNORE INTO Restaurant (r_id, r_name, a_id) VALUES
('300A', '老味道鍋物', 301),
('300B', '蛋蛋的幸福 蔬食料理', 301),
('300C', '阿里郎韓國小吃', 301),
('300D', '龍角 Dragon Horn 文山政大店', 301),
('300E', '葉普利麻辣鴨血臭豆腐', 301),
('300F', '一家烤肉飯', 301),
('300G', '小確幸', 301),
('300H', 'MY麵屋', 301),
('300I', '同洋燒臘', 301),
('300J', '八方雲集鍋貼水餃專賣店 政大店', 301),
('300K', '湘湘牛排館', 301),
('300L', '私房麵', 301),
('300M', '楽坡BonBox - 台北政大店 / 樂坡舒肥健康餐盒', 301),
('300N', '素還真 政大店', 301),
('300O', '菁英自助餐', 301),
('300P', 'Come See Pizza 牽絲披薩 (政大店)', 301),
('300Q', '敏忠餐廳', 301),
('300R', '清心福全政大店-珍珠奶茶手搖飲料專賣店', 301),
('300S', '鬼匠拉麵-政大店', 301),
('300T', '四川飯館', 301),
('300U', '麥當勞-台北指南餐廳', 301),
('300V', '摩斯漢堡 政大指南店', 301),
('300W', '仙草黑糖剉冰', 301),
('300X', '石鍋軒（政大店）', 301),
('300Y', '波波恰恰大馬風味餐', 301),
('300Z', '尚欣早午餐·宵夜', 301),
('301A', '小木屋鬆餅 政治大學店', 301),
('301B', '酪農初茶', 301),
('301C', 'STARBUCKS 星巴克 (政大門市)', 301),
('301D', '展弟拉麵店', 301),
('301E', '大鬍子老爹麵店', 302),
('301F', '京華小吃', 302),
('301G', '小靖子可麗餅', 302),
('301H', 'A-bao house阿寶早午餐 政大店', 302),
('301I', '韓大佬', 302),
('301J', 'Go! Caf‘e 早午餐', 302),
('301K', '紅燈籠滷肉飯', 302),
('301L', '早安找點', 302);


INSERT OR IGNORE INTO Type (t_id, t_name) VALUES
(1001, '早餐店'),
(1002, '飲料店'),
(1003, '台式料理'),
(1004, '日式料理'),
(1005, '速食店'),
(1006, '美式料理'),
(1007, '義式料理'),
(1008, '素食料理'),
(1009, '韓式料理'),
(1010, '四川料理'),
(1011, '東南亞料理'),
(1012, '點心類');

INSERT OR IGNORE INTO Restaurant_Types (r_id, t_id) VALUES
('300A', 1003),
('300B', 1007),
('300B', 1008),
('300C', 1009),
('300D', 1002),
('300E', 1003),
('300F', 1003),
('300G', 1003),
('300G', 1004),
('300G', 1007),
('300H', 1003),
('300I', 1003),
('300J', 1003),
('300K', 1003),
('300L', 1003),
('300M', 1003),
('300N', 1003),
('300N', 1008),
('300O', 1003),
('300P', 1006),
('300Q', 1003),
('300R', 1002),
('300S', 1004),
('300T', 1010),
('300U', 1005),
('300V', 1005),
('300W', 1002),
('300X', 1009),
('300Y', 1011),
('300Z', 1001),
('301A', 1012),
('301B', 1002),
('301B', 1012),
('301C', 1002),
('301C', 1012),
('301D', 1004),
('301E', 1003),
('301F', 1003),
('301G', 1012),
('301H', 1001),
('301I', 1003),
('301J', 1001),
('301K', 1003),
('301L', 1001);
